source	target	Especie	string_interaction_score
glyS	metG	pseu	0.409
glyS	pheS	pseu	0.415
glyS	tyrZ	pseu	0.416
glyS	rplW	pseu	0.418
glyS	rplF	pseu	0.421
glyS	rpsK	pseu	0.473
glyS	lysS	pseu	0.496
glyS	hisS	pseu	0.505
glyS	rplV	pseu	0.508
glyS	rpsG	pseu	0.514
glyS	rplD	pseu	0.528
glyS	rplA	pseu	0.54
glyS	glnS	pseu	0.556
glyS	rplQ	pseu	0.643
glyS	pheT	pseu	0.678
glyS	thrS	pseu	0.693
glyS	alaS	pseu	0.733
glyS	proS	pseu	0.777
glyS	aspS	pseu	0.785
glyS	leuS	pseu	0.848
glyS	glyQ	pseu	0.999
glyQ	lysS	pseu	0.4
glyQ	rplJ	pseu	0.406
glyQ	rpsK	pseu	0.42
glyQ	rpsL	pseu	0.459
glyQ	rplX	pseu	0.485
glyQ	fmt	pseu	0.521
glyQ	tyrZ	pseu	0.524
glyQ	thrS	pseu	0.53
glyQ	glnS	pseu	0.535
glyQ	rpsG	pseu	0.544
glyQ	proS	pseu	0.565
glyQ	leuS	pseu	0.588
glyQ	aspS	pseu	0.672
glyQ	alaS	pseu	0.7
glyQ	metG	pseu	0.717
glyQ	pheS	pseu	0.759
glyQ	pheT	pseu	0.802
glyQ	hisS	pseu	0.81
fmt	rplC	pseu	0.41
fmt	rpsB	pseu	0.432
fmt	rpsJ	pseu	0.483
fmt	rplA	pseu	0.497
fmt	pheS	pseu	0.587
fmt	leuS	pseu	0.623
fmt	pheT	pseu	0.785
fmt	folM	pseu	0.908
fmt	folA	pseu	0.937
fmt	metG	pseu	0.949
folA	arnA	pseu	0.432
folA	folX	pseu	0.483
folA	murB	pseu	0.587
folA	folM	pseu	0.982
mtgA	dacC	pseu	0.435
mtgA	bacA	pseu	0.47
mtgA	pbpC	pseu	0.597
mtgA	rodA	pseu	0.898
mtgA	pbpA	pseu	0.928
mexA	rpsL	pseu	0.591
mexA	PA4374	pseu	0.906
mexA	PA2019	pseu	0.918
mexA	PA4144	pseu	0.941
mexA	PA4375	pseu	0.964
mexA	PA2018	pseu	0.975
mexA	mexB	pseu	0.999
mexB	bacA	pseu	0.404
mexB	rpsL	pseu	0.778
mexB	PA2018	pseu	0.904
mexB	PA4375	pseu	0.915
mexB	PA4144	pseu	0.932
mexB	PA4374	pseu	0.954
mexB	PA2019	pseu	0.968
rpsU	metG	pseu	0.467
rpsU	rplA	pseu	0.818
rpsU	rpmJ2	pseu	0.9
rpsU	rpmE2	pseu	0.921
rpsU	rplL	pseu	0.939
rpsU	rplP	pseu	0.972
rpsU	rplE	pseu	0.973
rpsU	rplB	pseu	0.974
rpsU	rplR	pseu	0.974
rpsU	rplV	pseu	0.978
rpsU	rpmD	pseu	0.979
rpsU	rpsC	pseu	0.979
rpsU	rplX	pseu	0.979
rpsU	rpsQ	pseu	0.981
rpsU	rplF	pseu	0.982
rpsU	rplQ	pseu	0.982
rpsU	rplC	pseu	0.983
rpsU	rplJ	pseu	0.983
rpsU	rplD	pseu	0.985
rpsU	rpmC	pseu	0.985
rpsU	rpmJ	pseu	0.986
rpsU	rpsS	pseu	0.987
rpsU	rpsN	pseu	0.988
rpsU	rpsM	pseu	0.988
rpsU	rpsL	pseu	0.991
rpsU	rplW	pseu	0.991
rpsU	rplN	pseu	0.991
rpsU	rpsG	pseu	0.992
rpsU	rpsH	pseu	0.993
rpsU	rpsJ	pseu	0.995
rpsU	rpsB	pseu	0.996
rpsU	rpmF	pseu	0.998
rpsU	rpsP	pseu	0.998
rpsU	rpsK	pseu	0.998
rpsU	rplS	pseu	0.998
PA0583	pabB	pseu	0.442
PA0583	folE1	pseu	0.766
PA0583	folE2	pseu	0.767
PA0583	folX	pseu	0.797
tyrZ	rplL	pseu	0.419
tyrZ	rpsL	pseu	0.451
tyrZ	thrS	pseu	0.466
tyrZ	rpsB	pseu	0.469
tyrZ	hisS	pseu	0.477
tyrZ	alaS	pseu	0.514
tyrZ	lysS	pseu	0.546
tyrZ	pheS	pseu	0.557
tyrZ	aspS	pseu	0.586
tyrZ	leuS	pseu	0.615
tyrZ	proS	pseu	0.684
tyrZ	metG	pseu	0.785
tyrZ	pheT	pseu	0.863
tyrZ	tyrS	pseu	0.915
mucD	alaS	pseu	0.505
alaS	arnA	pseu	0.41
alaS	rpsP	pseu	0.442
alaS	rplN	pseu	0.447
alaS	rpsB	pseu	0.456
alaS	rplA	pseu	0.482
alaS	tyrS	pseu	0.578
alaS	glnS	pseu	0.594
alaS	pheS	pseu	0.605
alaS	proS	pseu	0.64
alaS	lysS	pseu	0.7
alaS	hisS	pseu	0.781
alaS	leuS	pseu	0.858
alaS	aspS	pseu	0.868
alaS	thrS	pseu	0.872
alaS	pheT	pseu	0.875
alaS	metG	pseu	0.877
proS	rplA	pseu	0.42
proS	rpsM	pseu	0.433
proS	rpsB	pseu	0.436
proS	rpmD	pseu	0.447
proS	rpsG	pseu	0.473
proS	tyrS	pseu	0.592
proS	pheS	pseu	0.612
proS	uppS	pseu	0.774
proS	thrS	pseu	0.778
proS	pheT	pseu	0.806
proS	aspS	pseu	0.863
proS	hisS	pseu	0.956
proS	lysS	pseu	0.971
proS	metG	pseu	0.981
proS	leuS	pseu	0.981
proS	glnS	pseu	0.983
aspS	rplJ	pseu	0.401
aspS	rpmD	pseu	0.414
aspS	rplP	pseu	0.45
aspS	rplS	pseu	0.456
aspS	rpsC	pseu	0.457
aspS	rplV	pseu	0.461
aspS	rplC	pseu	0.466
aspS	rpsQ	pseu	0.488
aspS	uppS	pseu	0.502
aspS	rpsH	pseu	0.51
aspS	arnA	pseu	0.513
aspS	rplR	pseu	0.527
aspS	rplE	pseu	0.533
aspS	rpsM	pseu	0.544
aspS	rpsL	pseu	0.545
aspS	rplF	pseu	0.551
aspS	rplB	pseu	0.569
aspS	rplN	pseu	0.588
aspS	rpsK	pseu	0.6
aspS	rpsP	pseu	0.615
aspS	rpsB	pseu	0.649
aspS	tyrS	pseu	0.651
aspS	rplA	pseu	0.677
aspS	rpmF	pseu	0.685
aspS	lysS	pseu	0.749
aspS	pheT	pseu	0.762
aspS	pheS	pseu	0.78
aspS	thrS	pseu	0.801
aspS	rpsG	pseu	0.802
aspS	metG	pseu	0.804
aspS	leuS	pseu	0.89
aspS	hisS	pseu	0.956
aspS	glnS	pseu	0.966
queE	phoQ	pseu	0.512
queE	folE1	pseu	0.714
queE	folE2	pseu	0.771
queE	queF	pseu	0.977
queE	PA2666	pseu	0.998
queE	queC	pseu	0.999
queC	ribA	pseu	0.509
queC	PA2666	pseu	0.99
queC	queF	pseu	0.998
phoQ	arnA	pseu	0.42
phoQ	PA3204	pseu	0.597
phoQ	lpxA	pseu	0.738
phoQ	arnC	pseu	0.801
phoQ	arnT	pseu	0.806
phoQ	arnB	pseu	0.935
folE2	queF	pseu	0.8
folE2	phoA	pseu	0.901
folE2	folE1	pseu	0.903
folE2	ribA	pseu	0.921
folE2	folX	pseu	0.968
folE2	PA2666	pseu	0.995
glnS	thrS	pseu	0.493
glnS	arnA	pseu	0.507
glnS	pheT	pseu	0.773
glnS	hisS	pseu	0.784
glnS	rpsH	pseu	0.876
glnS	rpsL	pseu	0.88
glnS	rpsC	pseu	0.88
glnS	rpsB	pseu	0.884
glnS	rpsS	pseu	0.885
glnS	rpsJ	pseu	0.885
glnS	rpsG	pseu	0.893
glnS	rpsN	pseu	0.894
glnS	rplB	pseu	0.894
glnS	rplE	pseu	0.895
glnS	rplP	pseu	0.897
glnS	rpsQ	pseu	0.899
glnS	rpsK	pseu	0.9
glnS	rplC	pseu	0.907
glnS	rplJ	pseu	0.907
glnS	rpsM	pseu	0.912
glnS	rplA	pseu	0.921
glnS	rplN	pseu	0.921
glnS	rplV	pseu	0.929
glnS	rplX	pseu	0.929
glnS	rpmC	pseu	0.934
glnS	leuS	pseu	0.934
glnS	rplD	pseu	0.935
glnS	rpmD	pseu	0.937
glnS	rplR	pseu	0.942
glnS	rplW	pseu	0.943
glnS	rplF	pseu	0.947
glnS	metG	pseu	0.956
glnS	lysS	pseu	0.962
bacA	pheT	pseu	0.409
bacA	arnE	pseu	0.417
bacA	murB	pseu	0.791
bacA	uppS	pseu	0.964
PA2018	PA4144	pseu	0.867
PA2018	PA4375	pseu	0.917
PA2018	PA4374	pseu	0.956
PA2018	PA2019	pseu	0.999
PA2019	PA4144	pseu	0.884
PA2019	PA4374	pseu	0.907
PA2019	PA4375	pseu	0.915
pbpC	murB	pseu	0.44
pbpC	ddlA	pseu	0.683
pbpC	rodA	pseu	0.923
pbpC	pbpA	pseu	0.932
PA2666	thrS	pseu	0.484
PA2666	phoA	pseu	0.9
PA2666	folX	pseu	0.92
PA2666	queF	pseu	0.984
PA2666	folE1	pseu	0.993
pheT	rpmJ2	pseu	0.428
pheT	rpmJ	pseu	0.441
pheT	rpmC	pseu	0.55
pheT	uppS	pseu	0.552
pheT	rplX	pseu	0.555
pheT	rpmF	pseu	0.56
pheT	rplE	pseu	0.561
pheT	rplS	pseu	0.571
pheT	rplL	pseu	0.572
pheT	arnA	pseu	0.581
pheT	rplC	pseu	0.639
pheT	rplW	pseu	0.645
pheT	rpsL	pseu	0.65
pheT	rplN	pseu	0.65
pheT	rplJ	pseu	0.671
pheT	rplV	pseu	0.686
pheT	rplF	pseu	0.697
pheT	rpsP	pseu	0.698
pheT	rpmD	pseu	0.701
pheT	hisS	pseu	0.708
pheT	rplB	pseu	0.732
pheT	rplP	pseu	0.739
pheT	rplQ	pseu	0.743
pheT	rpsN	pseu	0.753
pheT	rpsG	pseu	0.767
pheT	rplR	pseu	0.773
pheT	rpsH	pseu	0.779
pheT	rpsK	pseu	0.788
pheT	lysS	pseu	0.799
pheT	rpsJ	pseu	0.804
pheT	rpsM	pseu	0.817
pheT	rpsQ	pseu	0.837
pheT	rplD	pseu	0.848
pheT	tyrS	pseu	0.863
pheT	rpsS	pseu	0.875
pheT	rplA	pseu	0.898
pheT	rpsC	pseu	0.92
pheT	thrS	pseu	0.933
pheT	metG	pseu	0.937
pheT	leuS	pseu	0.973
pheT	rpsB	pseu	0.973
pheT	pheS	pseu	0.999
pheS	lpxA	pseu	0.406
pheS	rpsQ	pseu	0.413
pheS	rplL	pseu	0.447
pheS	rpsP	pseu	0.479
pheS	rpsL	pseu	0.48
pheS	rplJ	pseu	0.48
pheS	rplW	pseu	0.504
pheS	arnA	pseu	0.517
pheS	rpsJ	pseu	0.556
pheS	uppS	pseu	0.559
pheS	rpmF	pseu	0.572
pheS	rplV	pseu	0.58
pheS	rplN	pseu	0.609
pheS	rplD	pseu	0.628
pheS	rplS	pseu	0.636
pheS	rplR	pseu	0.647
pheS	rplC	pseu	0.653
pheS	rpsH	pseu	0.662
pheS	rplA	pseu	0.665
pheS	rpsS	pseu	0.672
pheS	rplF	pseu	0.686
pheS	rpsK	pseu	0.688
pheS	rpsM	pseu	0.703
pheS	hisS	pseu	0.711
pheS	lysS	pseu	0.725
pheS	rplB	pseu	0.726
pheS	rpsC	pseu	0.727
pheS	tyrS	pseu	0.727
pheS	rpsB	pseu	0.732
pheS	rplP	pseu	0.754
pheS	rpsG	pseu	0.77
pheS	rplE	pseu	0.787
pheS	leuS	pseu	0.834
pheS	thrS	pseu	0.847
pheS	metG	pseu	0.988
thrS	tyrS	pseu	0.414
thrS	rpsC	pseu	0.482
thrS	rpsH	pseu	0.503
thrS	rpsQ	pseu	0.568
thrS	rplN	pseu	0.613
thrS	rpmJ2	pseu	0.627
thrS	rpmJ	pseu	0.631
thrS	rplF	pseu	0.687
thrS	rplL	pseu	0.698
thrS	rplB	pseu	0.738
thrS	rplE	pseu	0.757
thrS	rplS	pseu	0.776
thrS	rplX	pseu	0.788
thrS	rplD	pseu	0.8
thrS	rplP	pseu	0.801
thrS	rplQ	pseu	0.815
thrS	rpsJ	pseu	0.816
thrS	rpsP	pseu	0.817
thrS	rpsG	pseu	0.825
thrS	rpsL	pseu	0.849
thrS	rpmF	pseu	0.856
thrS	rpsN	pseu	0.857
thrS	lysS	pseu	0.868
thrS	rpsB	pseu	0.87
thrS	rplA	pseu	0.882
thrS	rplV	pseu	0.89
thrS	rplC	pseu	0.899
thrS	rpsK	pseu	0.902
thrS	metG	pseu	0.924
thrS	leuS	pseu	0.942
thrS	hisS	pseu	0.944
queF	rpmE2	pseu	0.443
queF	rpmJ2	pseu	0.458
queF	rpmJ	pseu	0.638
queF	ribA	pseu	0.646
queF	folE1	pseu	0.716
rpmF	lysS	pseu	0.447
rpmF	hisS	pseu	0.46
rpmF	arnA	pseu	0.559
rpmF	leuS	pseu	0.564
rpmF	metG	pseu	0.737
rpmF	rpmE2	pseu	0.954
rpmF	rpmJ2	pseu	0.955
rpmF	rplA	pseu	0.989
rpmF	rplL	pseu	0.993
rpmF	rplC	pseu	0.993
rpmF	rpmJ	pseu	0.994
rpmF	rplB	pseu	0.994
rpmF	rpsC	pseu	0.994
rpmF	rplE	pseu	0.994
rpmF	rplX	pseu	0.995
rpmF	rpsQ	pseu	0.996
rpmF	rplP	pseu	0.996
rpmF	rpmC	pseu	0.996
rpmF	rpmD	pseu	0.996
rpmF	rplD	pseu	0.996
rpmF	rplR	pseu	0.997
rpmF	rpsJ	pseu	0.997
rpmF	rplN	pseu	0.997
rpmF	rplW	pseu	0.997
rpmF	rpsG	pseu	0.997
rpmF	rpsK	pseu	0.997
rpmF	rpsS	pseu	0.997
rpmF	rpsN	pseu	0.997
rpmF	rplJ	pseu	0.998
rpmF	rpsB	pseu	0.998
rpmF	rpsP	pseu	0.998
rpmF	rpsM	pseu	0.998
rpmF	rplV	pseu	0.998
rpmF	rplS	pseu	0.998
rpmF	rpsL	pseu	0.998
rpmF	rplF	pseu	0.998
rpmF	rpsH	pseu	0.998
rpmF	rplQ	pseu	0.999
murB	pbpA	pseu	0.651
murB	rodA	pseu	0.652
murB	ddlA	pseu	0.677
murB	uppS	pseu	0.782
moeA2	moeA1	pseu	0.913
moeA2	moaC	pseu	0.975
moeA2	moaE	pseu	0.978
moeA2	moaB1	pseu	0.98
moeA2	mobA	pseu	0.991
moeA2	moaB2	pseu	0.995
moaB2	mobA	pseu	0.789
moaB2	moaB1	pseu	0.903
moaB2	moaC	pseu	0.958
moaB2	moeA1	pseu	0.98
moaB2	moaE	pseu	0.993
mobA	moaB1	pseu	0.511
mobA	moaE	pseu	0.675
mobA	moaC	pseu	0.716
mobA	moeA1	pseu	0.981
PA3047	pbpA	pseu	0.417
PA3047	dacC	pseu	0.919
ppiA	rpsK	pseu	0.436
ppiA	rplD	pseu	0.441
ppiA	rpsB	pseu	0.445
ppiA	rpsM	pseu	0.452
ppiA	rpsL	pseu	0.514
ppiA	rplB	pseu	0.585
ppiA	rplC	pseu	0.647
ppiA	rplN	pseu	0.69
ppiA	rplQ	pseu	0.697
ppiA	rplX	pseu	0.698
ppiA	rpsQ	pseu	0.702
phoA	folX	pseu	0.9
phoA	folE1	pseu	0.901
folM	folE1	pseu	0.861
folM	folX	pseu	0.987
folE1	ribA	pseu	0.922
folE1	folX	pseu	0.995
metG	rplP	pseu	0.428
metG	rpmJ	pseu	0.432
metG	rplS	pseu	0.454
metG	rplW	pseu	0.459
metG	rplD	pseu	0.463
metG	ddlA	pseu	0.467
metG	uppS	pseu	0.474
metG	arnA	pseu	0.486
metG	rpmE2	pseu	0.487
metG	rpsN	pseu	0.503
metG	rplJ	pseu	0.535
metG	rplN	pseu	0.556
metG	rpsG	pseu	0.558
metG	rplX	pseu	0.561
metG	rplE	pseu	0.568
metG	rpsP	pseu	0.569
metG	rplL	pseu	0.578
metG	rplF	pseu	0.578
metG	rplC	pseu	0.582
metG	rpsL	pseu	0.588
metG	rplV	pseu	0.601
metG	rpsQ	pseu	0.608
metG	rpsH	pseu	0.613
metG	rpsJ	pseu	0.622
metG	rpsS	pseu	0.64
metG	rpmD	pseu	0.649
metG	rplQ	pseu	0.655
metG	rplB	pseu	0.66
metG	rplR	pseu	0.668
metG	rplA	pseu	0.675
metG	rpsK	pseu	0.693
metG	rpsC	pseu	0.717
metG	rpsM	pseu	0.721
metG	rpsB	pseu	0.807
metG	tyrS	pseu	0.854
metG	hisS	pseu	0.953
metG	lysS	pseu	0.962
metG	leuS	pseu	0.998
arnB	arnD	pseu	0.953
arnB	arnE	pseu	0.994
arnB	arnF	pseu	0.995
arnB	arnT	pseu	0.997
arnB	arnC	pseu	0.998
arnB	arnA	pseu	0.999
arnC	arnE	pseu	0.997
arnC	arnF	pseu	0.998
arnC	arnA	pseu	0.999
arnC	arnD	pseu	0.999
arnC	arnT	pseu	0.999
arnA	lysS	pseu	0.4
arnA	rplQ	pseu	0.507
arnA	rplS	pseu	0.559
arnA	rplJ	pseu	0.562
arnA	rpmC	pseu	0.606
arnA	rplV	pseu	0.613
arnA	rplE	pseu	0.615
arnA	rplF	pseu	0.615
arnA	rplP	pseu	0.617
arnA	rpsP	pseu	0.62
arnA	rplX	pseu	0.641
arnA	rplR	pseu	0.65
arnA	rplW	pseu	0.666
arnA	rplC	pseu	0.682
arnA	rplA	pseu	0.698
arnA	rpsG	pseu	0.699
arnA	rpmD	pseu	0.709
arnA	rpsK	pseu	0.718
arnA	rpsN	pseu	0.724
arnA	rplN	pseu	0.733
arnA	rpsM	pseu	0.754
arnA	rplD	pseu	0.78
arnA	rpsB	pseu	0.79
arnA	rpsH	pseu	0.808
arnA	rpsQ	pseu	0.817
arnA	rpsJ	pseu	0.817
arnA	rpsS	pseu	0.824
arnA	rpsL	pseu	0.826
arnA	rpsC	pseu	0.836
arnA	rplB	pseu	0.858
arnA	arnE	pseu	0.99
arnA	arnF	pseu	0.993
arnA	arnT	pseu	0.998
arnA	arnD	pseu	0.999
arnD	arnE	pseu	0.99
arnD	arnF	pseu	0.993
arnD	arnT	pseu	0.998
arnT	lpxA	pseu	0.589
arnT	arnF	pseu	0.998
arnT	arnE	pseu	0.998
arnE	arnF	pseu	0.999
rpmJ2	ribA	pseu	0.401
rpmJ2	rpsB	pseu	0.946
rpmJ2	rplS	pseu	0.95
rpmJ2	rplV	pseu	0.95
rpmJ2	rplW	pseu	0.95
rpmJ2	rplJ	pseu	0.95
rpmJ2	rplF	pseu	0.951
rpmJ2	rpsC	pseu	0.951
rpmJ2	rplP	pseu	0.951
rpmJ2	rpsP	pseu	0.951
rpmJ2	rplB	pseu	0.951
rpmJ2	rpsJ	pseu	0.951
rpmJ2	rplA	pseu	0.952
rpmJ2	rplD	pseu	0.953
rpmJ2	rplE	pseu	0.954
rpmJ2	rpsL	pseu	0.954
rpmJ2	rpsK	pseu	0.954
rpmJ2	rplC	pseu	0.954
rpmJ2	rpsG	pseu	0.954
rpmJ2	rpmC	pseu	0.954
rpmJ2	rplN	pseu	0.954
rpmJ2	rpsM	pseu	0.954
rpmJ2	rpsQ	pseu	0.954
rpmJ2	rplQ	pseu	0.954
rpmJ2	rplR	pseu	0.954
rpmJ2	rpsH	pseu	0.955
rpmJ2	rpsS	pseu	0.955
rpmJ2	rplX	pseu	0.955
rpmJ2	rpmD	pseu	0.958
rpmJ2	rpsN	pseu	0.962
rpmJ2	rplL	pseu	0.963
rpmJ2	rpmJ	pseu	0.981
rpmJ2	rpmE2	pseu	0.999
rpmE2	rplX	pseu	0.858
rpmE2	rplB	pseu	0.861
rpmE2	rpmD	pseu	0.864
rpmE2	rplR	pseu	0.866
rpmE2	rplF	pseu	0.874
rpmE2	rpsC	pseu	0.875
rpmE2	rpsS	pseu	0.876
rpmE2	rplP	pseu	0.876
rpmE2	rpsH	pseu	0.879
rpmE2	rplE	pseu	0.879
rpmE2	rplV	pseu	0.88
rpmE2	rplN	pseu	0.88
rpmE2	rplD	pseu	0.882
rpmE2	rpsQ	pseu	0.886
rpmE2	rplW	pseu	0.892
rpmE2	rpsM	pseu	0.899
rpmE2	rpmC	pseu	0.901
rpmE2	rpsK	pseu	0.904
rpmE2	rpsJ	pseu	0.906
rpmE2	rpsN	pseu	0.907
rpmE2	rplQ	pseu	0.914
rpmE2	rpsB	pseu	0.917
rpmE2	rplL	pseu	0.921
rpmE2	rplC	pseu	0.921
rpmE2	rpsG	pseu	0.922
rpmE2	rplJ	pseu	0.927
rpmE2	rpsL	pseu	0.929
rpmE2	rplS	pseu	0.951
rpmE2	rplA	pseu	0.952
rpmE2	rpsP	pseu	0.954
rpmE2	rpmJ	pseu	0.982
lpxA	PA4144	pseu	0.437
lpxA	lysS	pseu	0.442
lpxA	ddlA	pseu	0.519
lpxA	rpsB	pseu	0.624
lpxA	uppS	pseu	0.671
uppS	hisS	pseu	0.409
uppS	rpsS	pseu	0.416
uppS	rplA	pseu	0.484
uppS	rpsB	pseu	0.684
rpsB	hisS	pseu	0.428
rpsB	tyrS	pseu	0.471
rpsB	leuS	pseu	0.643
rpsB	lysS	pseu	0.831
rpsB	rpmJ	pseu	0.993
rpsB	rpmD	pseu	0.998
rpsB	rplQ	pseu	0.998
rpsB	rplX	pseu	0.998
rpsB	rpsH	pseu	0.999
rpsB	rplE	pseu	0.999
rpsB	rplF	pseu	0.999
rpsB	rpsN	pseu	0.999
rpsB	rplA	pseu	0.999
rpsB	rpsL	pseu	0.999
rpsB	rplD	pseu	0.999
rpsB	rpsS	pseu	0.999
rpsB	rpsK	pseu	0.999
rpsB	rplS	pseu	0.999
rpsB	rpsC	pseu	0.999
rpsB	rplC	pseu	0.999
rpsB	rpsG	pseu	0.999
rpsB	rpmC	pseu	0.999
rpsB	rplP	pseu	0.999
rpsB	rplL	pseu	0.999
rpsB	rplN	pseu	0.999
rpsB	rplV	pseu	0.999
rpsB	rplW	pseu	0.999
rpsB	rpsM	pseu	0.999
rpsB	rpsP	pseu	0.999
rpsB	rplB	pseu	0.999
rpsB	rpsQ	pseu	0.999
rpsB	rpsJ	pseu	0.999
rpsB	rplR	pseu	0.999
rpsB	rplJ	pseu	0.999
lysS	rplQ	pseu	0.467
lysS	rpsH	pseu	0.474
lysS	rplP	pseu	0.55
lysS	rplN	pseu	0.602
lysS	rplW	pseu	0.605
lysS	rpsM	pseu	0.608
lysS	rplE	pseu	0.621
lysS	rplX	pseu	0.633
lysS	rpsS	pseu	0.643
lysS	rplJ	pseu	0.653
lysS	rpsJ	pseu	0.668
lysS	rpsQ	pseu	0.673
lysS	tyrS	pseu	0.674
lysS	rplB	pseu	0.679
lysS	rpsC	pseu	0.686
lysS	rplD	pseu	0.698
lysS	rplV	pseu	0.701
lysS	rpsK	pseu	0.706
lysS	rplL	pseu	0.718
lysS	rplF	pseu	0.736
lysS	rplR	pseu	0.737
lysS	rplC	pseu	0.74
lysS	rplA	pseu	0.748
lysS	rpmD	pseu	0.754
lysS	rpsG	pseu	0.764
lysS	rpsL	pseu	0.812
lysS	leuS	pseu	0.929
lysS	hisS	pseu	0.947
rplS	rpmD	pseu	0.991
rplS	rpmJ	pseu	0.993
rplS	rplR	pseu	0.995
rplS	rpsN	pseu	0.996
rplS	rpsL	pseu	0.997
rplS	rpmC	pseu	0.997
rplS	rplX	pseu	0.997
rplS	rpsH	pseu	0.998
rplS	rplL	pseu	0.998
rplS	rplW	pseu	0.998
rplS	rplV	pseu	0.998
rplS	rpsG	pseu	0.998
rplS	rplD	pseu	0.999
rplS	rpsS	pseu	0.999
rplS	rplA	pseu	0.999
rplS	rplE	pseu	0.999
rplS	rplF	pseu	0.999
rplS	rplN	pseu	0.999
rplS	rplP	pseu	0.999
rplS	rpsP	pseu	0.999
rplS	rplB	pseu	0.999
rplS	rpsM	pseu	0.999
rplS	rpsC	pseu	0.999
rplS	rpsK	pseu	0.999
rplS	rplC	pseu	0.999
rplS	rplQ	pseu	0.999
rplS	rpsJ	pseu	0.999
rplS	rpsQ	pseu	0.999
rplS	rplJ	pseu	0.999
rpsP	rplL	pseu	0.991
rpsP	rpmJ	pseu	0.993
rpsP	rplA	pseu	0.995
rpsP	rplR	pseu	0.997
rpsP	rplX	pseu	0.997
rpsP	rpsQ	pseu	0.997
rpsP	rplW	pseu	0.997
rpsP	rpsS	pseu	0.997
rpsP	rplJ	pseu	0.998
rpsP	rplQ	pseu	0.998
rpsP	rpsM	pseu	0.998
rpsP	rplB	pseu	0.998
rpsP	rplP	pseu	0.998
rpsP	rplN	pseu	0.998
rpsP	rplV	pseu	0.998
rpsP	rplC	pseu	0.998
rpsP	rpmD	pseu	0.998
rpsP	rpsC	pseu	0.998
rpsP	rplD	pseu	0.998
rpsP	rplF	pseu	0.998
rpsP	rpsH	pseu	0.998
rpsP	rplE	pseu	0.998
rpsP	rpsJ	pseu	0.999
rpsP	rpsG	pseu	0.999
rpsP	rpmC	pseu	0.999
rpsP	rpsK	pseu	0.999
rpsP	rpsL	pseu	0.999
rpsP	rpsN	pseu	0.999
hisS	rplR	pseu	0.415
hisS	rpsM	pseu	0.419
hisS	rplX	pseu	0.433
hisS	rplF	pseu	0.453
hisS	rpsK	pseu	0.464
hisS	rplV	pseu	0.469
hisS	rpsH	pseu	0.473
hisS	rplC	pseu	0.476
hisS	rpsL	pseu	0.505
hisS	tyrS	pseu	0.529
hisS	rplN	pseu	0.531
hisS	rpsC	pseu	0.539
hisS	rplD	pseu	0.54
hisS	rpsS	pseu	0.569
hisS	rplW	pseu	0.57
hisS	rplB	pseu	0.616
hisS	leuS	pseu	0.939
moeA1	moaE	pseu	0.99
moeA1	moaC	pseu	0.99
moeA1	moaB1	pseu	0.998
moaB1	moaC	pseu	0.986
moaB1	moaE	pseu	0.996
moaE	moaC	pseu	0.999
leuS	rpmD	pseu	0.401
leuS	rplX	pseu	0.402
leuS	rplW	pseu	0.439
leuS	rplL	pseu	0.446
leuS	rplJ	pseu	0.485
leuS	rodA	pseu	0.494
leuS	rplC	pseu	0.554
leuS	rplF	pseu	0.556
leuS	rplN	pseu	0.562
leuS	rplP	pseu	0.578
leuS	tyrS	pseu	0.586
leuS	rpsM	pseu	0.6
leuS	rplR	pseu	0.635
leuS	rpsQ	pseu	0.636
leuS	rpsG	pseu	0.639
leuS	rpsS	pseu	0.648
leuS	rpsL	pseu	0.652
leuS	rplD	pseu	0.66
leuS	rpsC	pseu	0.66
leuS	rpsH	pseu	0.667
leuS	rpsJ	pseu	0.683
leuS	rplV	pseu	0.686
leuS	rplE	pseu	0.696
leuS	rplA	pseu	0.702
leuS	rpsK	pseu	0.723
leuS	rplB	pseu	0.902
dacC	rplJ	pseu	0.418
dacC	rodA	pseu	0.829
dacC	pbpA	pseu	0.922
rodA	ddlA	pseu	0.649
rodA	pbpA	pseu	0.999
pbpA	ddlA	pseu	0.462
ribA	rpmJ	pseu	0.437
tyrS	rpsC	pseu	0.456
PA4144	PA4375	pseu	0.92
PA4144	PA4374	pseu	0.927
rplQ	rplL	pseu	0.997
rplQ	rplA	pseu	0.998
rplQ	rpmJ	pseu	0.998
rplQ	rpsG	pseu	0.999
rplQ	rpmC	pseu	0.999
rplQ	rplC	pseu	0.999
rplQ	rpsK	pseu	0.999
rplQ	rpmD	pseu	0.999
rplQ	rpsC	pseu	0.999
rplQ	rpsM	pseu	0.999
rplQ	rplB	pseu	0.999
rplQ	rplP	pseu	0.999
rplQ	rplV	pseu	0.999
rplQ	rplW	pseu	0.999
rplQ	rplN	pseu	0.999
rplQ	rpsN	pseu	0.999
rplQ	rplF	pseu	0.999
rplQ	rpsH	pseu	0.999
rplQ	rplE	pseu	0.999
rplQ	rpsL	pseu	0.999
rplQ	rpsS	pseu	0.999
rplQ	rplD	pseu	0.999
rplQ	rplR	pseu	0.999
rplQ	rplX	pseu	0.999
rplQ	rplJ	pseu	0.999
rplQ	rpsQ	pseu	0.999
rplQ	rpsJ	pseu	0.999
rpsK	rpsQ	pseu	0.999
rpsK	rpsJ	pseu	0.999
rpsK	rplX	pseu	0.999
rpsK	rplR	pseu	0.999
rpsK	rplJ	pseu	0.999
rpsK	rpmJ	pseu	0.999
rpsK	rplE	pseu	0.999
rpsK	rpsH	pseu	0.999
rpsK	rplF	pseu	0.999
rpsK	rpsN	pseu	0.999
rpsK	rplD	pseu	0.999
rpsK	rpsS	pseu	0.999
rpsK	rplA	pseu	0.999
rpsK	rpsL	pseu	0.999
rpsK	rpsC	pseu	0.999
rpsK	rpmD	pseu	0.999
rpsK	rplC	pseu	0.999
rpsK	rpmC	pseu	0.999
rpsK	rpsG	pseu	0.999
rpsK	rplN	pseu	0.999
rpsK	rplL	pseu	0.999
rpsK	rplW	pseu	0.999
rpsK	rplV	pseu	0.999
rpsK	rplP	pseu	0.999
rpsK	rplB	pseu	0.999
rpsK	rpsM	pseu	0.999
rpsM	rplP	pseu	0.999
rpsM	rplL	pseu	0.999
rpsM	rplN	pseu	0.999
rpsM	rplV	pseu	0.999
rpsM	rplW	pseu	0.999
rpsM	rplB	pseu	0.999
rpsM	rpsC	pseu	0.999
rpsM	rpmD	pseu	0.999
rpsM	rplC	pseu	0.999
rpsM	rpsG	pseu	0.999
rpsM	rpmC	pseu	0.999
rpsM	rpsL	pseu	0.999
rpsM	rplA	pseu	0.999
rpsM	rplD	pseu	0.999
rpsM	rpsS	pseu	0.999
rpsM	rpsH	pseu	0.999
rpsM	rplE	pseu	0.999
rpsM	rplF	pseu	0.999
rpsM	rpsN	pseu	0.999
rpsM	rpmJ	pseu	0.999
rpsM	rplJ	pseu	0.999
rpsM	rplX	pseu	0.999
rpsM	rplR	pseu	0.999
rpsM	rpsJ	pseu	0.999
rpsM	rpsQ	pseu	0.999
rpmJ	rplL	pseu	0.994
rpmJ	rplA	pseu	0.994
rpmJ	rplB	pseu	0.998
rpmJ	rpsG	pseu	0.998
rpmJ	rplC	pseu	0.998
rpmJ	rplJ	pseu	0.998
rpmJ	rpsJ	pseu	0.998
rpmJ	rplP	pseu	0.999
rpmJ	rplV	pseu	0.999
rpmJ	rplW	pseu	0.999
rpmJ	rplN	pseu	0.999
rpmJ	rpsC	pseu	0.999
rpmJ	rpmD	pseu	0.999
rpmJ	rpmC	pseu	0.999
rpmJ	rpsL	pseu	0.999
rpmJ	rpsS	pseu	0.999
rpmJ	rplD	pseu	0.999
rpmJ	rpsH	pseu	0.999
rpmJ	rplE	pseu	0.999
rpmJ	rpsN	pseu	0.999
rpmJ	rplF	pseu	0.999
rpmJ	rplX	pseu	0.999
rpmJ	rplR	pseu	0.999
rpmJ	rpsQ	pseu	0.999
rpmD	rplL	pseu	0.998
rpmD	rpsQ	pseu	0.999
rpmD	rpsJ	pseu	0.999
rpmD	rplX	pseu	0.999
rpmD	rplR	pseu	0.999
rpmD	rplJ	pseu	0.999
rpmD	rplE	pseu	0.999
rpmD	rpsH	pseu	0.999
rpmD	rplF	pseu	0.999
rpmD	rpsN	pseu	0.999
rpmD	rplD	pseu	0.999
rpmD	rpsS	pseu	0.999
rpmD	rplA	pseu	0.999
rpmD	rpsL	pseu	0.999
rpmD	rpsC	pseu	0.999
rpmD	rplC	pseu	0.999
rpmD	rpmC	pseu	0.999
rpmD	rpsG	pseu	0.999
rpmD	rplN	pseu	0.999
rpmD	rplW	pseu	0.999
rpmD	rplV	pseu	0.999
rpmD	rplP	pseu	0.999
rpmD	rplB	pseu	0.999
rplR	rplL	pseu	0.998
rplR	rplW	pseu	0.999
rplR	rplV	pseu	0.999
rplR	rplN	pseu	0.999
rplR	rplP	pseu	0.999
rplR	rplB	pseu	0.999
rplR	rpsC	pseu	0.999
rplR	rpmC	pseu	0.999
rplR	rpsG	pseu	0.999
rplR	rplC	pseu	0.999
rplR	rpsS	pseu	0.999
rplR	rplD	pseu	0.999
rplR	rplA	pseu	0.999
rplR	rpsL	pseu	0.999
rplR	rplE	pseu	0.999
rplR	rpsH	pseu	0.999
rplR	rpsN	pseu	0.999
rplR	rplF	pseu	0.999
rplR	rplJ	pseu	0.999
rplR	rplX	pseu	0.999
rplR	rpsJ	pseu	0.999
rplR	rpsQ	pseu	0.999
rplF	rpsH	pseu	0.999
rplF	rplE	pseu	0.999
rplF	rpsN	pseu	0.999
rplF	rpsL	pseu	0.999
rplF	rplA	pseu	0.999
rplF	rpsS	pseu	0.999
rplF	rplD	pseu	0.999
rplF	rpsC	pseu	0.999
rplF	rpmC	pseu	0.999
rplF	rpsG	pseu	0.999
rplF	rplC	pseu	0.999
rplF	rplP	pseu	0.999
rplF	rplW	pseu	0.999
rplF	rplV	pseu	0.999
rplF	rplN	pseu	0.999
rplF	rplL	pseu	0.999
rplF	rplB	pseu	0.999
rplF	rpsQ	pseu	0.999
rplF	rpsJ	pseu	0.999
rplF	rplX	pseu	0.999
rplF	rplJ	pseu	0.999
rpsH	rplL	pseu	0.997
rpsH	rplA	pseu	0.998
rpsH	rplE	pseu	0.999
rpsH	rpsN	pseu	0.999
rpsH	rpsL	pseu	0.999
rpsH	rpsS	pseu	0.999
rpsH	rplD	pseu	0.999
rpsH	rpsC	pseu	0.999
rpsH	rpmC	pseu	0.999
rpsH	rpsG	pseu	0.999
rpsH	rplC	pseu	0.999
rpsH	rplP	pseu	0.999
rpsH	rplW	pseu	0.999
rpsH	rplV	pseu	0.999
rpsH	rplN	pseu	0.999
rpsH	rplB	pseu	0.999
rpsH	rpsQ	pseu	0.999
rpsH	rpsJ	pseu	0.999
rpsH	rplX	pseu	0.999
rpsH	rplJ	pseu	0.999
rpsN	rplA	pseu	0.997
rpsN	rplL	pseu	0.998
rpsN	rpsC	pseu	0.999
rpsN	rplC	pseu	0.999
rpsN	rpmC	pseu	0.999
rpsN	rpsG	pseu	0.999
rpsN	rplN	pseu	0.999
rpsN	rplW	pseu	0.999
rpsN	rplV	pseu	0.999
rpsN	rplP	pseu	0.999
rpsN	rplB	pseu	0.999
rpsN	rplE	pseu	0.999
rpsN	rplD	pseu	0.999
rpsN	rpsS	pseu	0.999
rpsN	rpsL	pseu	0.999
rpsN	rplX	pseu	0.999
rpsN	rplJ	pseu	0.999
rpsN	rpsQ	pseu	0.999
rpsN	rpsJ	pseu	0.999
rplE	rplJ	pseu	0.999
rplE	rplX	pseu	0.999
rplE	rpsJ	pseu	0.999
rplE	rpsQ	pseu	0.999
rplE	rplB	pseu	0.999
rplE	rplP	pseu	0.999
rplE	rplV	pseu	0.999
rplE	rplW	pseu	0.999
rplE	rplL	pseu	0.999
rplE	rplN	pseu	0.999
rplE	rpsG	pseu	0.999
rplE	rpmC	pseu	0.999
rplE	rplC	pseu	0.999
rplE	rpsC	pseu	0.999
rplE	rplA	pseu	0.999
rplE	rpsL	pseu	0.999
rplE	rpsS	pseu	0.999
rplE	rplD	pseu	0.999
rplX	rplC	pseu	0.999
rplX	rpsG	pseu	0.999
rplX	rpmC	pseu	0.999
rplX	rpsC	pseu	0.999
rplX	rplB	pseu	0.999
rplX	rplL	pseu	0.999
rplX	rplN	pseu	0.999
rplX	rplV	pseu	0.999
rplX	rplW	pseu	0.999
rplX	rplP	pseu	0.999
rplX	rplD	pseu	0.999
rplX	rpsS	pseu	0.999
rplX	rplA	pseu	0.999
rplX	rpsL	pseu	0.999
rplX	rplJ	pseu	0.999
rplX	rpsQ	pseu	0.999
rplX	rpsJ	pseu	0.999
rplN	rplJ	pseu	0.999
rplN	rpsJ	pseu	0.999
rplN	rpsQ	pseu	0.999
rplN	rplP	pseu	0.999
rplN	rplV	pseu	0.999
rplN	rplW	pseu	0.999
rplN	rplL	pseu	0.999
rplN	rplB	pseu	0.999
rplN	rpsC	pseu	0.999
rplN	rpsG	pseu	0.999
rplN	rpmC	pseu	0.999
rplN	rplC	pseu	0.999
rplN	rplA	pseu	0.999
rplN	rpsL	pseu	0.999
rplN	rpsS	pseu	0.999
rplN	rplD	pseu	0.999
rpsQ	rplL	pseu	0.998
rpsQ	rpsL	pseu	0.999
rpsQ	rplA	pseu	0.999
rpsQ	rpsS	pseu	0.999
rpsQ	rplD	pseu	0.999
rpsQ	rplP	pseu	0.999
rpsQ	rplW	pseu	0.999
rpsQ	rplV	pseu	0.999
rpsQ	rplB	pseu	0.999
rpsQ	rpsC	pseu	0.999
rpsQ	rpmC	pseu	0.999
rpsQ	rpsG	pseu	0.999
rpsQ	rplC	pseu	0.999
rpsQ	rpsJ	pseu	0.999
rpsQ	rplJ	pseu	0.999
rpmC	rpsL	pseu	0.999
rpmC	rplA	pseu	0.999
rpmC	rplD	pseu	0.999
rpmC	rpsS	pseu	0.999
rpmC	rplP	pseu	0.999
rpmC	rplL	pseu	0.999
rpmC	rplW	pseu	0.999
rpmC	rplV	pseu	0.999
rpmC	rplB	pseu	0.999
rpmC	rpsC	pseu	0.999
rpmC	rplC	pseu	0.999
rpmC	rpsG	pseu	0.999
rpmC	rpsJ	pseu	0.999
rpmC	rplJ	pseu	0.999
rplP	rpsJ	pseu	0.999
rplP	rplJ	pseu	0.999
rplP	rpsL	pseu	0.999
rplP	rplA	pseu	0.999
rplP	rplD	pseu	0.999
rplP	rpsS	pseu	0.999
rplP	rpsC	pseu	0.999
rplP	rplC	pseu	0.999
rplP	rpsG	pseu	0.999
rplP	rplL	pseu	0.999
rplP	rplV	pseu	0.999
rplP	rplW	pseu	0.999
rplP	rplB	pseu	0.999
rpsC	rpsL	pseu	0.999
rpsC	rplA	pseu	0.999
rpsC	rpsS	pseu	0.999
rpsC	rplD	pseu	0.999
rpsC	rplW	pseu	0.999
rpsC	rplV	pseu	0.999
rpsC	rplL	pseu	0.999
rpsC	rplB	pseu	0.999
rpsC	rpsG	pseu	0.999
rpsC	rplC	pseu	0.999
rpsC	rpsJ	pseu	0.999
rpsC	rplJ	pseu	0.999
rplV	rplL	pseu	0.998
rplV	rplJ	pseu	0.999
rplV	rpsJ	pseu	0.999
rplV	rpsG	pseu	0.999
rplV	rplC	pseu	0.999
rplV	rplB	pseu	0.999
rplV	rplW	pseu	0.999
rplV	rplA	pseu	0.999
rplV	rpsL	pseu	0.999
rplV	rpsS	pseu	0.999
rplV	rplD	pseu	0.999
rpsS	rpsG	pseu	0.999
rpsS	rplC	pseu	0.999
rpsS	rplB	pseu	0.999
rpsS	rplW	pseu	0.999
rpsS	rplL	pseu	0.999
rpsS	rplA	pseu	0.999
rpsS	rpsL	pseu	0.999
rpsS	rplD	pseu	0.999
rpsS	rplJ	pseu	0.999
rpsS	rpsJ	pseu	0.999
rplB	rplD	pseu	0.999
rplB	rpsL	pseu	0.999
rplB	rplA	pseu	0.999
rplB	rplW	pseu	0.999
rplB	rplL	pseu	0.999
rplB	rpsG	pseu	0.999
rplB	rplC	pseu	0.999
rplB	rpsJ	pseu	0.999
rplB	rplJ	pseu	0.999
rplW	rplL	pseu	0.998
rplW	rplJ	pseu	0.999
rplW	rpsJ	pseu	0.999
rplW	rplC	pseu	0.999
rplW	rpsG	pseu	0.999
rplW	rpsL	pseu	0.999
rplW	rplA	pseu	0.999
rplW	rplD	pseu	0.999
rplD	rpsG	pseu	0.999
rplD	rplC	pseu	0.999
rplD	rplL	pseu	0.999
rplD	rpsL	pseu	0.999
rplD	rplA	pseu	0.999
rplD	rplJ	pseu	0.999
rplD	rpsJ	pseu	0.999
rplC	rpsJ	pseu	0.999
rplC	rplJ	pseu	0.999
rplC	rpsL	pseu	0.999
rplC	rplA	pseu	0.999
rplC	rplL	pseu	0.999
rplC	rpsG	pseu	0.999
rpsJ	rplJ	pseu	0.999
rpsJ	rplL	pseu	0.999
rpsJ	rpsG	pseu	0.999
rpsJ	rpsL	pseu	0.999
rpsJ	rplA	pseu	0.999
rpsG	rplL	pseu	0.998
rpsG	rplA	pseu	0.999
rpsG	rpsL	pseu	0.999
rpsG	rplJ	pseu	0.999
rpsL	rplA	pseu	0.998
rpsL	rplL	pseu	0.998
rpsL	rplJ	pseu	0.999
rplL	rplA	pseu	0.999
rplL	rplJ	pseu	0.999
rplJ	rplA	pseu	0.999
PA4374	PA4375	pseu	0.993
ddlB	ponA	pseu	0.414
ddlB	ftsI	pseu	0.957
ddlB	ftsW	pseu	0.974
ddlB	mraY	pseu	0.976
ddlB	murG	pseu	0.989
ddlB	murE	pseu	0.99
ddlB	murD	pseu	0.993
ddlB	murF	pseu	0.999
murG	rplU	pseu	0.423
murG	rplI	pseu	0.469
murG	rpsF	pseu	0.531
murG	mrcB	pseu	0.623
murG	ponA	pseu	0.745
murG	ftsI	pseu	0.974
murG	murE	pseu	0.997
murG	mraY	pseu	0.998
murG	ftsW	pseu	0.998
murG	murF	pseu	0.999
murG	murD	pseu	0.999
ftsW	rplY	pseu	0.43
ftsW	amiB	pseu	0.574
ftsW	ponA	pseu	0.918
ftsW	mrcB	pseu	0.955
ftsW	murE	pseu	0.985
ftsW	murF	pseu	0.995
ftsW	mraY	pseu	0.995
ftsW	murD	pseu	0.996
ftsW	ftsI	pseu	0.999
murD	rpsF	pseu	0.481
murD	ponA	pseu	0.494
murD	mrcB	pseu	0.613
murD	ftsI	pseu	0.961
murD	mraY	pseu	0.992
murD	murF	pseu	0.995
murD	murE	pseu	0.997
mraY	amiB	pseu	0.431
mraY	argS	pseu	0.484
mraY	ponA	pseu	0.525
mraY	ftsI	pseu	0.943
mraY	murE	pseu	0.983
mraY	murF	pseu	0.999
murF	amiB	pseu	0.413
murF	rplI	pseu	0.428
murF	rpsF	pseu	0.53
murF	mrcB	pseu	0.685
murF	ponA	pseu	0.779
murF	ftsI	pseu	0.975
murF	murE	pseu	0.999
murE	mrcB	pseu	0.428
murE	ponA	pseu	0.461
murE	ftsI	pseu	0.992
ftsI	amiB	pseu	0.547
ftsI	ponA	pseu	0.959
ftsI	mrcB	pseu	0.969
trpS	rpmB	pseu	0.484
trpS	argS	pseu	0.88
rpmA	rpmH	pseu	0.992
rpmA	rpmE	pseu	0.996
rpmA	rpsF	pseu	0.998
rpmA	rplY	pseu	0.998
rpmA	rplI	pseu	0.998
rpmA	rpsR	pseu	0.998
rpmA	rplU	pseu	0.999
rpmA	rpmB	pseu	0.999
rplU	argS	pseu	0.66
rplU	rpmE	pseu	0.994
rplU	rpmH	pseu	0.997
rplU	rplI	pseu	0.998
rplU	rpsF	pseu	0.998
rplU	rpmB	pseu	0.999
rplU	rpsR	pseu	0.999
rplU	rplY	pseu	0.999
rplY	rpmH	pseu	0.987
rplY	rpmE	pseu	0.988
rplY	rpmB	pseu	0.992
rplY	rpsR	pseu	0.997
rplY	rpsF	pseu	0.999
rplY	rplI	pseu	0.999
mrcB	amiB	pseu	0.468
mrcB	ponA	pseu	0.964
folK	folP	pseu	0.999
rplI	argS	pseu	0.514
rplI	rpmE	pseu	0.977
rplI	rpmH	pseu	0.978
rplI	rpmB	pseu	0.997
rplI	rpsF	pseu	0.999
rplI	rpsR	pseu	0.999
rpsR	rpmH	pseu	0.99
rpsR	rpmE	pseu	0.994
rpsR	rpsF	pseu	0.999
rpsR	rpmB	pseu	0.999
rpsF	argS	pseu	0.564
rpsF	rpmE	pseu	0.99
rpsF	rpmH	pseu	0.993
rpsF	rpmB	pseu	0.999
amiB	ponA	pseu	0.445
amiB	PA4974	pseu	0.478
amiB	amiA	pseu	0.926
rpmE	folE2-2	pseu	0.455
rpmE	argS	pseu	0.457
rpmE	rpmH	pseu	0.983
rpmE	rpmB	pseu	0.998
rpmB	rpmH	pseu	0.997
amiA	folE2-2	pseu	0.966
